"Name","Probabilities"
"Kristina",0.372390256162569
"Rizo",0.255220776810674
"Sage",0.178344939857551
"Savannah",0.178344939857551
"Sophi",0.0156990873116555
